freq,rn,nfmin,sopt,s11,s12,s21,s22
700000000.0000000000,5.8908582850,0.0548269230,0.8989175831 / 4.3217944395,0.9658526438 / -11.6349133200,0.0135654655 / 91.6375257755,9.7242525842 / 161.2431244774,0.2230575975 / 20.4490687772
706500000.0000000000,5.8907893567,0.0549144745,0.8987651580 / 4.3617621137,0.9653139305 / -11.7367726254,0.0136999431 / 91.6643607191,9.7179301878 / 161.0775743348,0.2237335991 / 20.5332156096
713000000.0000000000,5.8907120736,0.0550026703,0.8986115165 / 4.4017285613,0.9647713687 / -11.8384760020,0.0138346246 / 91.6906865822,9.7115670334 / 160.9122012838,0.2244114354 / 20.6157012670
719500000.0000000000,5.8906264715,0.0550915077,0.8984566643 / 4.4416938156,0.9642249835 / -11.9400225228,0.0139695108 / 91.7165092432,9.7051633809 / 160.7470061833,0.2250910501 / 20.6965386830
726000000.0000000000,5.8905325855,0.0551809841,0.8983006068 / 4.4816579097,0.9636748005 / -12.0414112703,0.0141046022 / 91.7418343836,9.6987194911 / 160.5819898861,0.2257723875 / 20.7757408477
732500000.0000000000,5.8904304501,0.0552710965,0.8981433496 / 4.5216208766,0.9631208450 / -12.1426413364,0.0142398995 / 91.7666674984,9.6922356262 / 160.4171532386,0.2264553922 / 20.8533208016
739000000.0000000000,5.8903200993,0.0553618423,0.8979848980 / 4.5615827488,0.9625631426 / -12.2437118222,0.0143754033 / 91.7910139049,9.6857120491 / 160.2524970806,0.2271400096 / 20.9292916301
745500000.0000000000,5.8902015662,0.0554532187,0.8978252577 / 4.6015435588,0.9620017189 / -12.3446218382,0.0145111143 / 91.8148787519,9.6791490240 / 160.0880222454,0.2278261855 / 21.0036664571
752000000.0000000000,5.8900748836,0.0555452229,0.8976644341 / 4.6415033388,0.9614365995 / -12.4453705043,0.0146470329 / 91.8382670274,9.6725468161 / 159.9237295596,0.2285138664 / 21.0764584402
758500000.0000000000,5.8899400834,0.0556378522,0.8975024327 / 4.6814621207,0.9608678102 / -12.5459569498,0.0147831598 / 91.8611835668,9.6659056913 / 159.7596198430,0.2292029993 / 21.1476807646
765000000.0000000000,5.8897971971,0.0557311036,0.8973392590 / 4.7214199362,0.9602953768 / -12.6463803133,0.0149194955 / 91.8836330601,9.6592259166 / 159.5956939085,0.2298935317 / 21.2173466385
771500000.0000000000,5.8896462556,0.0558249745,0.8971749186 / 4.7613768169,0.9597193250 / -12.7466397429,0.0150560406 / 91.9056200593,9.6525077601 / 159.4319525620,0.2305854119 / 21.2854692873
778000000.0000000000,5.8894872891,0.0559194619,0.8970094168 / 4.8013327940,0.9591396807 / -12.8467343962,0.0151927955 / 91.9271489845,9.6457514902 / 159.2683966025,0.2312785883 / 21.3520619496
784500000.0000000000,5.8893203276,0.0560145632,0.8968427592 / 4.8412878987,0.9585564700 / -12.9466634403,0.0153297607 / 91.9482241309,9.6389573766 / 159.1050268217,0.2319730104 / 21.4171378717
791000000.0000000000,5.8891454001,0.0561102755,0.8966749513 / 4.8812421619,0.9579697186 / -13.0464260514,0.0154669367 / 91.9688496741,9.6321256897 / 158.9418440043,0.2326686279 / 21.4807103034
797500000.0000000000,5.8889625356,0.0562065959,0.8965059986 / 4.9211956142,0.9573794527 / -13.1460214155,0.0156043239 / 91.9890296761,9.6252567004 / 158.7788489273,0.2333653912 / 21.5427924934
804000000.0000000000,5.8887717621,0.0563035216,0.8963359065 / 4.9611482862,0.9567856984 / -13.2454487280,0.0157419229 / 92.0087680909,9.6183506805 / 158.6160423609,0.2340632512 / 21.6033976853
810500000.0000000000,5.8885731074,0.0564010498,0.8961646804 / 5.0011002082,0.9561884817 / -13.3447071937,0.0158797339 / 92.0280687694,9.6114079026 / 158.4534250673,0.2347621594 / 21.6625391131
817000000.0000000000,5.8883665988,0.0564991777,0.8959923260 / 5.0410514103,0.9555878288 / -13.4437960270,0.0160177574 / 92.0469354639,9.6044286396 / 158.2909978017,0.2354620677 / 21.7202299976
823500000.0000000000,5.8881522630,0.0565979024,0.8958188485 / 5.0810019225,0.9549837659 / -13.5427144515,0.0161559937 / 92.0653718335,9.5974131655 / 158.1287613114,0.2361629289 / 21.7764835421
830000000.0000000000,5.8879301264,0.0566972210,0.8956442535 / 5.1209517747,0.9543763191 / -13.6414617006,0.0162944433 / 92.0833814479,9.5903617543 / 157.9667163362,0.2368646960 / 21.8313129294
836500000.0000000000,5.8877002149,0.0567971308,0.8954685464 / 5.1609009964,0.9537655147 / -13.7400370170,0.0164331064 / 92.1009677917,9.5832746810 / 157.8048636083,0.2375673228 / 21.8847313174
843000000.0000000000,5.8874625538,0.0568976289,0.8952917327 / 5.2008496170,0.9531513789 / -13.8384396529,0.0165719834 / 92.1181342683,9.5761522210 / 157.6432038520,0.2382707634 / 21.9367518365
849500000.0000000000,5.8872171683,0.0569987124,0.8951138177 / 5.2407976659,0.9525339382 / -13.9366688702,0.0167110746 / 92.1348842040,9.5689946501 / 157.4817377840,0.2389749726 / 21.9873875855
856000000.0000000000,5.8869640828,0.0571003785,0.8949348070 / 5.2807451723,0.9519132187 / -14.0347239399,0.0168503803 / 92.1512208511,9.5618022447 / 157.3204661129,0.2396799057 / 22.0366516293
862500000.0000000000,5.8867033216,0.0572026244,0.8947547058 / 5.3206921650,0.9512892468 / -14.1326041426,0.0169899008 / 92.1671473916,9.5545752814 / 157.1593895398,0.2403855186 / 22.0845569950
869000000.0000000000,5.8864349085,0.0573054471,0.8945735196 / 5.3606386729,0.9506620488 / -14.2303087687,0.0171296362 / 92.1826669403,9.5473140374 / 156.9985087575,0.2410917678 / 22.1311166697
875500000.0000000000,5.8861588669,0.0574088439,0.8943912538 / 5.4005847246,0.9500316512 / -14.3278371175,0.0172695869 / 92.1977825480,9.5400187902 / 156.8378244511,0.2417986100 / 22.1763435971
882000000.0000000000,5.8858752198,0.0575128118,0.8942079138 / 5.4405303488,0.9493980803 / -14.4251884983,0.0174097530 / 92.2124972042,9.5326898176 / 156.6773372976,0.2425060028 / 22.2202506755
888500000.0000000000,5.8855839898,0.0576173481,0.8940235049 / 5.4804755738,0.9487613624 / -14.5223622293,0.0175501348 / 92.2268138402,9.5253273977 / 156.5170479660,0.2432139042 / 22.2628507545
895000000.0000000000,5.8852851993,0.0577224499,0.8938380325 / 5.5204204277,0.9481215241 / -14.6193576387,0.0176907324 / 92.2407353316,9.5179318090 / 156.3569571172,0.2439222726 / 22.3041566331
901500000.0000000000,5.8849788702,0.0578281143,0.8936515019 / 5.5603649388,0.9474785916 / -14.7161740637,0.0178315461 / 92.2542645005,9.5105033300 / 156.1970654040,0.2446310671 / 22.3441810571
908000000.0000000000,5.8846650241,0.0579343385,0.8934639184 / 5.6003091349,0.9468325915 / -14.8128108511,0.0179725759 / 92.2674041185,9.5030422395 / 156.0373734712,0.2453402473 / 22.3829367168
914500000.0000000000,5.8843436823,0.0580411196,0.8932752874 / 5.6402530440,0.9461835500 / -14.9092673570,0.0181138220 / 92.2801569086,9.4955488167 / 155.8778819551,0.2460497732 / 22.4204362451
921000000.0000000000,5.8840148657,0.0581484549,0.8930856143 / 5.6801966937,0.9455314937 / -15.0055429470,0.0182552846 / 92.2925255474,9.4880233408 / 155.7185914842,0.2467596054 / 22.4566922153
927500000.0000000000,5.8836785950,0.0582563414,0.8928949041 / 5.7201401115,0.9448764489 / -15.1016369961,0.0183969636 / 92.3045126672,9.4804660909 / 155.5595026787,0.2474697050 / 22.4917171392
934000000.0000000000,5.8833348904,0.0583647763,0.8927031624 / 5.7600833250,0.9442184420 / -15.1975488885,0.0185388593 / 92.3161208580,9.4728773466 / 155.4006161505,0.2481800336 / 22.5255234651
940500000.0000000000,5.8829837719,0.0584737567,0.8925103942 / 5.8000263614,0.9435574994 / -15.2932780178,0.0186809717 / 92.3273526695,9.4652573873 / 155.2419325033,0.2488905533 / 22.5581235765
947000000.0000000000,5.8826252593,0.0585832800,0.8923166049 / 5.8399692479,0.9428936475 / -15.3888237871,0.0188233008 / 92.3382106124,9.4576064926 / 155.0834523325,0.2496012267 / 22.5895297896
953500000.0000000000,5.8822593720,0.0586933431,0.8921217997 / 5.8799120116,0.9422269127 / -15.4841856085,0.0189658468 / 92.3486971609,9.4499249419 / 154.9251762255,0.2503120169 / 22.6197543528
960000000.0000000000,5.8818861291,0.0588039433,0.8919259838 / 5.9198546795,0.9415573213 / -15.5793629036,0.0191086095 / 92.3588147535,9.4422130149 / 154.7671047610,0.2510228874 / 22.6488094443
966500000.0000000000,5.8815055495,0.0589150778,0.8917291624 / 5.9597972784,0.9408848997 / -15.6743551032,0.0192515890 / 92.3685657950,9.4344709911 / 154.6092385098,0.2517338025 / 22.6767071710
973000000.0000000000,5.8811176518,0.0590267438,0.8915313406 / 5.9997398350,0.9402096742 / -15.7691616474,0.0193947854 / 92.3779526578,9.4266991498 / 154.4515780342,0.2524447265 / 22.7034595674
979500000.0000000000,5.8807224542,0.0591389384,0.8913325238 / 6.0396823760,0.9395316710 / -15.8637819856,0.0195381986 / 92.3869776837,9.4188977705 / 154.2941238882,0.2531556246 / 22.7290785941
986000000.0000000000,5.8803199750,0.0592516588,0.8911327170 / 6.0796249278,0.9388509166 / -15.9582155760,0.0196818285 / 92.3956431844,9.4110671323 / 154.1368766176,0.2538664623 / 22.7535761364
992500000.0000000000,5.8799102318,0.0593649022,0.8909319253 / 6.1195675168,0.9381674371 / -16.0524618866,0.0198256752 / 92.4039514436,9.4032075145 / 153.9798367598,0.2545772055 / 22.7769640037
999000000.0000000000,5.8794932424,0.0594786658,0.8907301539 / 6.1595101694,0.9374812587 / -16.1465203940,0.0199697385 / 92.4119047177,9.3953191958 / 153.8230048440,0.2552878208 / 22.7992539281
1005500000.0000000000,5.8790690239,0.0595929468,0.8905274079 / 6.1994529116,0.9367924077 / -16.2403905842,0.0201140185 / 92.4195052372,9.3874024552 / 153.6663813911,0.2559982751 / 22.8204575636
1012000000.0000000000,5.8786375936,0.0597077425,0.8903236924 / 6.2393957696,0.9361009103 / -16.3340719524,0.0202585149 / 92.4267552077,9.3794575710 / 153.5099669135,0.2567085358 / 22.8405864852
1018500000.0000000000,5.8781989682,0.0598230501,0.8901190123 / 6.2793387694,0.9354067925 / -16.4275640026,0.0204032276 / 92.4336568109,9.3714848217 / 153.3537619155,0.2574185706 / 22.8596521876
1025000000.0000000000,5.8777531646,0.0599388667,0.8899133728 / 6.3192819368,0.9347100805 / -16.5208662481,0.0205481567 / 92.4402122056,9.3634844853 / 153.1977668931,0.2581283480 / 22.8776660852
1031500000.0000000000,5.8773001990,0.0600551895,0.8897067790 / 6.3592252975,0.9340108004 / -16.6139782110,0.0206933019 / 92.4464235288,9.3554568395 / 153.0419823339,0.2588378367 / 22.8946395109
1038000000.0000000000,5.8768400877,0.0601720160,0.8894992357 / 6.3991688773,0.9333089781 / -16.7068994227,0.0208386631 / 92.4522928964,9.3474021618 / 152.8864087172,0.2595470059 / 22.9105837153
1044500000.0000000000,5.8763728468,0.0602893432,0.8892907480 / 6.4391127017,0.9326046398 / -16.7996294232,0.0209842401 / 92.4578224041,9.3393207293 / 152.7310465143,0.2602558252 / 22.9255098666
1051000000.0000000000,5.8758984920,0.0604071684,0.8890813209 / 6.4790567961,0.9318978112 / -16.8921677617,0.0211300328 / 92.4630141283,9.3312128189 / 152.5758961879,0.2609642648 / 22.9394290495
1057500000.0000000000,5.8754170390,0.0605254889,0.8888709593 / 6.5190011861,0.9311885184 / -16.9845139963,0.0212760410 / 92.4678701267,9.3230787070 / 152.4209581927,0.2616722951 / 22.9523522652
1064000000.0000000000,5.8749285032,0.0606443019,0.8886596682 / 6.5589458968,0.9304767872 / -17.0766676938,0.0214222644 / 92.4723924392,9.3149186695 / 152.2662329750,0.2623798871 / 22.9642904304
1070500000.0000000000,5.8744328998,0.0607636048,0.8884474524 / 6.5988909535,0.9297626434 / -17.1686284299,0.0215687029 / 92.4765830887,9.3067329821 / 152.1117209730,0.2630870123 / 22.9752543774
1077000000.0000000000,5.8739302440,0.0608833947,0.8882343168 / 6.6388363812,0.9290461128 / -17.2603957893,0.0217153563 / 92.4804440814,9.2985219199 / 151.9574226166,0.2637936423 / 22.9852548535
1083500000.0000000000,5.8734205504,0.0610036690,0.8880202664 / 6.6787822049,0.9283272211 / -17.3519693653,0.0218622243 / 92.4839774077,9.2902857577 / 151.8033383276,0.2644997495 / 22.9943025208
1090000000.0000000000,5.8729038340,0.0611244250,0.8878053059 / 6.7187284497,0.9276059939 / -17.4433487598,0.0220093066 / 92.4871850428,9.2820247698 / 151.6494685196,0.2652053064 / 23.0024079556
1096500000.0000000000,5.8723801091,0.0612456599,0.8875894402 / 6.7586751403,0.9268824569 / -17.5345335838,0.0221566031 / 92.4900689470,9.2737392298 / 151.4958135980,0.2659102862 / 23.0095816487
1103000000.0000000000,5.8718493902,0.0613673710,0.8873726741 / 6.7986223014,0.9261566356 / -17.6255234565,0.0223041134 / 92.4926310667,9.2654294109 / 151.3423739602,0.2666146622 / 23.0158340047
1109500000.0000000000,5.8713116914,0.0614895558,0.8871550124 / 6.8385699578,0.9254285556 / -17.7163180063,0.0224518373 / 92.4948733347,9.2570955860 / 151.1891499953,0.2673184084 / 23.0211753424
1116000000.0000000000,5.8707670268,0.0616122115,0.8869364599 / 6.8785181339,0.9246982422 / -17.8069168696,0.0225997744 / 92.4967976703,9.2487380270 / 151.0361420845,0.2680214991 / 23.0256158939
1122500000.0000000000,5.8702154103,0.0617353354,0.8867170212 / 6.9184668544,0.9239657208 / -17.8973196918,0.0227479245 / 92.4984059804,9.2403570057 / 150.8833506008,0.2687239088 / 23.0291658055
1129000000.0000000000,5.8696568555,0.0618589249,0.8864967011 / 6.9584161435,0.9232310168 / -17.9875261266,0.0228962872 / 92.4997001596,9.2319527928 / 150.7307759093,0.2694256126 / 23.0318351369
1135500000.0000000000,5.8690913760,0.0619829773,0.8862755044 / 6.9983660257,0.9224941554 / -18.0775358363,0.0230448623 / 92.5006820907,9.2235256589 / 150.5784183668,0.2701265861 / 23.0336338615
1142000000.0000000000,5.8685189854,0.0621074900,0.8860534356 / 7.0383165252,0.9217551617 / -18.1673484916,0.0231936493 / 92.5013536450,9.2150758736 / 150.4262783225,0.2708268049 / 23.0345718662
1148500000.0000000000,5.8679396967,0.0622324603,0.8858304994 / 7.0782676661,0.9210140610 / -18.2569637716,0.0233426480 / 92.5017166827,9.2066037061 / 150.2743561174,0.2715262454 / 23.0346589519
1155000000.0000000000,5.8673535233,0.0623578857,0.8856067005 / 7.1182194725,0.9202708782 / -18.3463813638,0.0234918579 / 92.5017730534,9.1981094247 / 150.1226520845,0.2722248840 / 23.0339048332
1161500000.0000000000,5.8667604781,0.0624837635,0.8853820435 / 7.1581719685,0.9195256384 / -18.4356009641,0.0236412788 / 92.5015245963,9.1895932971 / 149.9711665492,0.2729226979 / 23.0323191385
1168000000.0000000000,5.8661605739,0.0626100912,0.8851565330 / 7.1981251779,0.9187783664 / -18.5246222764,0.0237909101 / 92.5009731406,9.1810555905 / 149.8198998286,0.2736196642 / 23.0299114104
1174500000.0000000000,5.8655538236,0.0627368660,0.8849301734 / 7.2380791246,0.9180290872 / -18.6134450133,0.0239407517 / 92.5001205056,9.1724965711 / 149.6688522323,0.2743157607 / 23.0266911056
1181000000.0000000000,5.8649402397,0.0628640855,0.8847029694 / 7.2780338325,0.9172778254 / -18.7020688952,0.0240908029 / 92.4989685012,9.1639165046 / 149.5180240618,0.2750109655 / 23.0226675953
1187500000.0000000000,5.8643198347,0.0629917470,0.8844749255 / 7.3179893251,0.9165246057 / -18.7904936509,0.0242410635 / 92.4975189281,9.1553156558 / 149.3674156112,0.2757052569 / 23.0178501652
1194000000.0000000000,5.8636926209,0.0631198481,0.8842460461 / 7.3579456261,0.9157694529 / -18.8787190171,0.0243915330 / 92.4957735782,9.1466942887 / 149.2170271664,0.2763986137 / 23.0122480160
1200500000.0000000000,5.8630586108,0.0632483861,0.8840163358 / 7.3979027591,0.9150123913 / -18.9667447390,0.0245422110 / 92.4937342346,9.1380526668 / 149.0668590059,0.2770910151 / 23.0058702633
1207000000.0000000000,5.8624178162,0.0633773584,0.8837857990 / 7.4378607475,0.9142534455 / -19.0545705693,0.0246930971 / 92.4914026717,9.1293910524 / 148.9169114003,0.2777824405 / 22.9987259382
1213500000.0000000000,5.8617702493,0.0635067627,0.8835544400 / 7.4778196148,0.9134926399 / -19.1421962692,0.0248441908 / 92.4887806560,9.1207097074 / 148.7671846128,0.2784728697 / 22.9908239874
1220000000.0000000000,5.8611159220,0.0636365962,0.8833222634 / 7.5177793843,0.9127299987 / -19.2296216074,0.0249954916 / 92.4858699457,9.1120088925 / 148.6176788986,0.2791622829 / 22.9821732736
1226500000.0000000000,5.8604548460,0.0637668566,0.8830892734 / 7.5577400792,0.9119655461 / -19.3168463608,0.0251469991 / 92.4826722912,9.1032888679 / 148.4683945056,0.2798506605 / 22.9727825758
1233000000.0000000000,5.8597870331,0.0638975413,0.8828554745 / 7.5977017228,0.9111993064 / -19.4038703141,0.0252987128 / 92.4791894352,9.0945498928 / 148.3193316742,0.2805379834 / 22.9626605897
1239500000.0000000000,5.8591124947,0.0640286478,0.8826208709 / 7.6376643382,0.9104313035 / -19.4906932597,0.0254506323 / 92.4754231129,9.0857922255 / 148.1704906370,0.2812242327 / 22.9518159279
1246000000.0000000000,5.8584312425,0.0641601736,0.8823854670 / 7.6776279484,0.9096615614 / -19.5773149980,0.0256027570 / 92.4713750520,9.0770161233 / 148.0218716194,0.2819093898 / 22.9402571204
1252500000.0000000000,5.8577432877,0.0642921163,0.8821492670 / 7.7175925764,0.9088901039 / -19.6637353368,0.0257550865 / 92.4670469731,9.0682218430 / 147.8734748392,0.2825934367 / 22.9279926151
1259000000.0000000000,5.8570486416,0.0644244734,0.8819122752 / 7.7575582451,0.9081169549 / -19.7499540919,0.0259076202 / 92.4624405897,9.0594096402 / 147.7253005069,0.2832763553 / 22.9150307780
1265500000.0000000000,5.8563473154,0.0645572424,0.8816744958 / 7.7975249774,0.9073421380 / -19.8359710866,0.0260603577 / 92.4575576082,9.0505797696 / 147.5773488254,0.2839581281 / 22.9013798937
1272000000.0000000000,5.8556393203,0.0646904209,0.8814359331 / 7.8374927961,0.9065656769 / -19.9217861516,0.0262132984 / 92.4523997284,9.0417324850 / 147.4296199907,0.2846387379 / 22.8870481659
1278500000.0000000000,5.8549246670,0.0648240064,0.8811965911 / 7.8774617239,0.9057875951 / -20.0073991255,0.0263664418 / 92.4469686431,9.0328680393 / 147.2821141911,0.2853181677 / 22.8720437177
1285000000.0000000000,5.8542033667,0.0649579967,0.8809564742 / 7.9174317835,0.9050079159 / -20.0928098541,0.0265197874 / 92.4412660387,9.0239866844 / 147.1348316078,0.2859964007 / 22.8563745921
1291500000.0000000000,5.8534754300,0.0650923891,0.8807155863 / 7.9574029974,0.9042266627 / -20.1780181907,0.0266733346 / 92.4352935948,9.0150886714 / 146.9877724150,0.2866734208 / 22.8400487527
1298000000.0000000000,5.8527408677,0.0652271814,0.8804739317 / 7.9973753881,0.9034438587 / -20.2630239962,0.0268270828 / 92.4290529849,9.0061742501 / 146.8409367795,0.2873492117 / 22.8230740837
1304500000.0000000000,5.8519996905,0.0653623711,0.8802315144 / 8.0373489782,0.9026595272 / -20.3478271386,0.0269810316 / 92.4225458759,8.9972436696 / 146.6943248609,0.2880237578 / 22.8054583908
1311000000.0000000000,5.8512519088,0.0654979560,0.8799883384 / 8.0773237901,0.9018736910 / -20.4324274932,0.0271351804 / 92.4157739286,8.9882971778 / 146.5479368119,0.2886970436 / 22.7872094015
1317500000.0000000000,5.8504975332,0.0656339335,0.8797444078 / 8.1172998460,0.9010863731 / -20.5168249427,0.0272895285 / 92.4087387973,8.9793350218 / 146.4017727782,0.2893690539 / 22.7683347657
1324000000.0000000000,5.8497365740,0.0657703013,0.8794997267 / 8.1572771683,0.9002975965 / -20.6010193770,0.0274440754 / 92.4014421304,8.9703574475 / 146.2558328984,0.2900397738 / 22.7488420561
1330500000.0000000000,5.8489690416,0.0659070572,0.8792542989 / 8.1972557791,0.8995073838 / -20.6850106930,0.0275988206 / 92.3938855702,8.9613646998 / 146.1101173041,0.2907091886 / 22.7287387687
1337000000.0000000000,5.8481949461,0.0660441987,0.8790081285 / 8.2372357007,0.8987157577 / -20.7687987948,0.0277537634 / 92.3860707530,8.9523570227 / 145.9646261200,0.2913772841 / 22.7080323234
1343500000.0000000000,5.8474142978,0.0661817236,0.8787612194 / 8.2772169551,0.8979227406 / -20.8523835936,0.0279089033 / 92.3779993089,8.9433346591 / 145.8193594641,0.2920440461 / 22.6867300646
1350000000.0000000000,5.8466271067,0.0663196295,0.8785135755 / 8.3171995643,0.8971283552 / -20.9357650074,0.0280642397 / 92.3696728623,8.9342978506 / 145.6743174474,0.2927094609 / 22.6648392615
1356500000.0000000000,5.8458333829,0.0664579142,0.8782652008 / 8.3571835504,0.8963326236 / -21.0189429614,0.0282197718 / 92.3610930316,8.9252468381 / 145.5295001741,0.2933735150 / 22.6423671088
1363000000.0000000000,5.8450331362,0.0665965753,0.8780160990 / 8.3971689353,0.8955355682 / -21.1019173877,0.0283754993 / 92.3522614295,8.9161818612 / 145.3849077418,0.2940361950 / 22.6193207273
1369500000.0000000000,5.8442263765,0.0667356106,0.8777662740 / 8.4371557407,0.8947372110 / -21.1846882249,0.0285314213 / 92.3431796626,8.9071031585 / 145.2405402414,0.2946974879 / 22.5957071642
1376000000.0000000000,5.8434131137,0.0668750178,0.8775157297 / 8.4771439886,0.8939375741 / -21.2672554189,0.0286875374 / 92.3338493320,8.8980109674 / 145.0963977570,0.2953573811 / 22.5715333939
1382500000.0000000000,5.8425933575,0.0670147947,0.8772644697 / 8.5171337006,0.8931366794 / -21.3496189220,0.0288438468 / 92.3242720328,8.8889055243 / 144.9524803662,0.2960158621 / 22.5468063185
1389000000.0000000000,5.8417671176,0.0671549390,0.8770124980 / 8.5571248985,0.8923345488 / -21.4317786934,0.0290003490 / 92.3144493545,8.8797870645 / 144.8087881401,0.2966729185 / 22.5215327682
1395500000.0000000000,5.8409344034,0.0672954484,0.8767598182 / 8.5971176039,0.8915312039 / -21.5137346987,0.0291570433 / 92.3043828808,8.8706558221 / 144.6653211432,0.2973285384 / 22.4957195019
1402000000.0000000000,5.8400952247,0.0674363209,0.8765064341 / 8.6371118383,0.8907266663 / -21.5954869104,0.0293139291 / 92.2940741898,8.8615120302 / 144.5220794335,0.2979827101 / 22.4693732081
1408500000.0000000000,5.8392495909,0.0675775540,0.8762523493 / 8.6771076232,0.8899209575 / -21.6770353074,0.0294710057 / 92.2835248539,8.8523559207 / 144.3790630627,0.2986354220 / 22.4425005049
1415000000.0000000000,5.8383975113,0.0677191458,0.8759975676 / 8.7171049803,0.8891140989 / -21.7583798751,0.0296282725 / 92.2727364397,8.8431877242 / 144.2362720760,0.2992866630 / 22.4151079410
1421500000.0000000000,5.8375389954,0.0678610938,0.8757420925 / 8.7571039307,0.8883061118 / -21.8395206054,0.0297857288 / 92.2617105081,8.8340076705 / 144.0937065123,0.2999364219 / 22.3872019960
1428000000.0000000000,5.8366740524,0.0680033961,0.8754859277 / 8.7971044960,0.8874970174 / -21.9204574965,0.0299433739 / 92.2504486146,8.8248159880 / 143.9513664044,0.3005846880 / 22.3587890813
1434500000.0000000000,5.8358026917,0.0681460504,0.8752290768 / 8.8371066974,0.8866868366 / -22.0011905531,0.0301012073 / 92.2389523087,8.8156129039 / 143.8092517786,0.3012314508 / 22.3298755402
1441000000.0000000000,5.8349249223,0.0682890546,0.8749715434 / 8.8771105562,0.8858755905 / -22.0817197860,0.0302592282 / 92.2272231346,8.8063986445 / 143.6673626552,0.3018766999 / 22.3004676489
1447500000.0000000000,5.8340407535,0.0684324065,0.8747133310 / 8.9171160934,0.8850632999 / -22.1620452124,0.0304174360 / 92.2152626305,8.7971734346 / 143.5256990482,0.3025204253 / 22.2705716167
1454000000.0000000000,5.8331501942,0.0685761041,0.8744544431 / 8.9571233304,0.8842499855 / -22.2421668557,0.0305758299 / 92.2030723293,8.7879374981 / 143.3842609657,0.3031626169 / 22.2401935871
1460500000.0000000000,5.8322532536,0.0687201451,0.8741948833 / 8.9971322882,0.8834356678 / -22.3220847453,0.0307344094 / 92.1906537578,8.7786910576 / 143.2430484095,0.3038032653 / 22.2093396376
1467000000.0000000000,5.8313499405,0.0688645275,0.8739346550 / 9.0371429878,0.8826203674 / -22.4017989168,0.0308931737 / 92.1780084375,8.7694343345 / 143.1020613757,0.3044423609 / 22.1780157809
1473500000.0000000000,5.8304402640,0.0690092492,0.8736737617 / 9.0771554503,0.8818041048 / -22.4813094117,0.0310521221 / 92.1651378841,8.7601675490 / 142.9612998542,0.3050798946 / 22.1462279655
1480000000.0000000000,5.8295242329,0.0691543080,0.8734122067 / 9.1171696964,0.8809869000 / -22.5606162778,0.0312112540 / 92.1520436077,8.7508909202 / 142.8207638291,0.3057158573 / 22.1139820755
1486500000.0000000000,5.8286018560,0.0692997020,0.8731499937 / 9.1571857472,0.8801687734 / -22.6397195685,0.0313705687 / 92.1387271125,8.7416046658 / 142.6804532787,0.3063502402 / 22.0812839321
1493000000.0000000000,5.8276731422,0.0694454291,0.8728871258 / 9.1972036235,0.8793497448 / -22.7186193432,0.0315300654 / 92.1251898973,8.7323090026 / 142.5403681753,0.3069830348 / 22.0481392938
1499500000.0000000000,5.8267381000,0.0695914872,0.8726236064 / 9.2372233461,0.8785298344 / -22.7973156672,0.0316897435 / 92.1114334550,8.7230041459 / 142.4005084857,0.3076142326 / 22.0145538565
1506000000.0000000000,5.8257967383,0.0697378742,0.8723594390 / 9.2772449356,0.8777090617 / -22.8758086115,0.0318496023 / 92.0974592728,8.7136903099 / 142.2608741707,0.3082438255 / 21.9805332551
1512500000.0000000000,5.8248490656,0.0698845882,0.8720946268 / 9.3172684128,0.8768874467 / -22.9540982529,0.0320096411 / 92.0832688322,8.7043677076 / 142.1214651857,0.3088718054 / 21.9460830629
1519000000.0000000000,5.8238950906,0.0700316272,0.8718291730 / 9.3572937983,0.8760650088 / -23.0321846737,0.0321698591 / 92.0688636090,8.6950365508 / 141.9822814803,0.3094981647 / 21.9112087930
1525500000.0000000000,5.8229348218,0.0701789890,0.8715630810 / 9.3973211127,0.8752417674 / -23.1100679621,0.0323302557 / 92.0542450732,8.6856970499 / 141.8433229987,0.3101228957 / 21.8759158986
1532000000.0000000000,5.8219682677,0.0703266718,0.8712963541 / 9.4373503766,0.8744177420 / -23.1877482116,0.0324908301 / 92.0394146890,8.6763494144 / 141.7045896793,0.3107459909 / 21.8402097733
1538500000.0000000000,5.8209954368,0.0704746735,0.8710289953 / 9.4773816104,0.8735929518 / -23.2652255214,0.0326515817 / 92.0243739150,8.6669938521 / 141.5660814553,0.3113674433 / 21.8040957522
1545000000.0000000000,5.8200163376,0.0706229922,0.8707610080 / 9.5174148345,0.8727674159 / -23.3424999962,0.0328125097 / 92.0091242037,8.6576305701 / 141.4277982543,0.3119872457 / 21.7675791120
1551500000.0000000000,5.8190309783,0.0707716259,0.8704923953 / 9.5574500694,0.8719411532 / -23.4195717460,0.0329736133 / 91.9936670021,8.6482597738 / 141.2897399987,0.3126053913 / 21.7306650715
1558000000.0000000000,5.8180393674,0.0709205727,0.8702231603 / 9.5974873355,0.8711141826 / -23.4964408861,0.0331348920 / 91.9780037512,8.6388816676 / 141.1519066054,0.3132218735 / 21.6933587926
1564500000.0000000000,5.8170415131,0.0710698306,0.8699533062 / 9.6375266529,0.8702865230 / -23.5731075374,0.0332963449 / 91.9621358861,8.6294964546 / 141.0142979861,0.3138366858 / 21.6556653804
1571000000.0000000000,5.8160374238,0.0712193977,0.8696828360 / 9.6775680420,0.8694581929 / -23.6495718258,0.0334579714 / 91.9460648361,8.6201043368 / 140.8769140472,0.3144498218 / 21.6175898841
1577500000.0000000000,5.8150271076,0.0713692721,0.8694117530 / 9.7176115230,0.8686292108 / -23.7258338825,0.0336197707 / 91.9297920248,8.6107055146 / 140.7397546900,0.3150612755 / 21.5791372972
1584000000.0000000000,5.8140105728,0.0715194518,0.8691400600 / 9.7576571161,0.8677995953 / -23.8018938439,0.0337817421 / 91.9133188696,8.6013001874 / 140.6028198106,0.3156710410 / 21.5403125583
1590500000.0000000000,5.8129878275,0.0716699350,0.8688677602 / 9.7977048413,0.8669693644 / -23.8777518515,0.0339438848 / 91.8966467822,8.5918885534 / 140.4661093000,0.3162791124 / 21.5011205516
1597000000.0000000000,5.8119588799,0.0718207198,0.8685948565 / 9.8377547187,0.8661385365 / -23.9534080519,0.0341061982 / 91.8797771684,8.5824708094 / 140.3296230442,0.3168854840 / 21.4615661070
1603500000.0000000000,5.8109237381,0.0719718044,0.8683213520 / 9.8778067684,0.8653071296 / -24.0288625965,0.0342686814 / 91.8627114278,8.5730471510 / 140.1933609243,0.3174901506 / 21.4216540015
1610000000.0000000000,5.8098824100,0.0721231867,0.8680472497 / 9.9178610103,0.8644751616 / -24.1041156421,0.0344313339 / 91.8454509543,8.5636177726 / 140.0573228162,0.3180931067 / 21.3813889589
1616500000.0000000000,5.8088349038,0.0722748651,0.8677725524 / 9.9579174643,0.8636426502 / -24.1791673499,0.0345941548 / 91.8279971357,8.5541828671 / 139.9215085911,0.3186943473 / 21.3407756506
1623000000.0000000000,5.8077812274,0.0724268377,0.8674972631 / 9.9979761504,0.8628096133 / -24.2540178863,0.0347571434 / 91.8103513538,8.5447426265 / 139.7859181154,0.3192938674 / 21.2998186965
1629500000.0000000000,5.8067213889,0.0725791026,0.8672213847 / 10.0380370884,0.8619760683 / -24.3286674224,0.0349202989 / 91.7925149845,8.5352972413 / 139.6505512504,0.3198916623 / 21.2585226648
1636000000.0000000000,5.8056553960,0.0727316580,0.8669449201 / 10.0781002982,0.8611420328 / -24.4031161340,0.0350836207 / 91.7744893976,8.5258469008 / 139.5154078530,0.3204877271 / 21.2168920731
1642500000.0000000000,5.8045832568,0.0728845021,0.8666678721 / 10.1181657993,0.8603075240 / -24.4773642018,0.0352471080 / 91.7562759568,8.5163917930 / 139.3804877751,0.3210820576 / 21.1749313886
1649000000.0000000000,5.8035049791,0.0730376331,0.8663902436 / 10.1582336117,0.8594725592 / -24.5514118111,0.0354107601 / 91.7378760198,8.5069321048 / 139.2457908641,0.3216746492 / 21.1326450287
1655500000.0000000000,5.8024205707,0.0731910493,0.8661120374 / 10.1983037548,0.8586371555 / -24.6252591516,0.0355745762 / 91.7192909382,8.4974680215 / 139.1113169628,0.3222654979 / 21.0900373617
1662000000.0000000000,5.8013300396,0.0733447488,0.8658332562 / 10.2383762485,0.8578013299 / -24.6989064177,0.0357385555 / 91.7005220577,8.4879997276 / 138.9770659094,0.3228545996 / 21.0471127067
1668500000.0000000000,5.8002333933,0.0734987299,0.8655539030 / 10.2784511122,0.8569650991 / -24.7723538085,0.0359026975 / 91.6815707175,8.4785274059 / 138.8430375374,0.3234419503 / 21.0038753349
1675000000.0000000000,5.7991306398,0.0736529908,0.8652739803 / 10.3185283655,0.8561284800 / -24.8456015273,0.0360670012 / 91.6624382510,8.4690512381 / 138.7092316762,0.3240275464 / 20.9603294696
1681500000.0000000000,5.7980217867,0.0738075297,0.8649934910 / 10.3586080278,0.8552914892 / -24.9186497819,0.0362314660 / 91.6431259853,8.4595714049 / 138.5756481504,0.3246113842 / 20.9164792865
1688000000.0000000000,5.7969068418,0.0739623450,0.8647124377 / 10.3986901188,0.8544541431 / -24.9914987845,0.0363960911 / 91.6236352416,8.4500880852 / 138.4422867804,0.3251934602 / 20.8723289147
1694500000.0000000000,5.7957858127,0.0741174350,0.8644308232 / 10.4387746577,0.8536164582 / -25.0641487516,0.0365608759 / 91.6039673346,8.4406014572 / 138.3091473823,0.3257737710 / 20.8278824370
1701000000.0000000000,5.7946587071,0.0742727978,0.8641486501 / 10.4788616639,0.8527784508 / -25.1365999040,0.0367258194 / 91.5841235730,8.4311116974 / 138.1762297679,0.3263523136 / 20.7831438902
1707500000.0000000000,5.7935255326,0.0744284319,0.8638659210 / 10.5189511568,0.8519401369 / -25.2088524665,0.0368909211 / 91.5641052595,8.4216189813 / 138.0435337446,0.3269290848 / 20.7381172656
1714000000.0000000000,5.7923862968,0.0745843354,0.8635826386 / 10.5590431556,0.8511015326 / -25.2809066685,0.0370561802 / 91.5439136901,8.4121234830 / 137.9110591158,0.3275040816 / 20.6928065097
1720500000.0000000000,5.7912410073,0.0747405068,0.8632988054 / 10.5991376796,0.8502626538 / -25.3527627431,0.0372215959 / 91.5235501551,8.4026253754 / 137.7788056806,0.3280773014 / 20.6472155245
1727000000.0000000000,5.7900896717,0.0748969443,0.8630144241 / 10.6392347480,0.8494235163 / -25.4244209277,0.0373871675 / 91.5030159383,8.3931248302 / 137.6467732342,0.3286487413 / 20.6013481680
1733500000.0000000000,5.7889322974,0.0750536463,0.8627294973 / 10.6793343800,0.8485841357 / -25.4958814637,0.0375528943 / 91.4823123174,8.3836220178 / 137.5149615675,0.3292183988 / 20.5552082546
1740000000.0000000000,5.7877688921,0.0752106111,0.8624440274 / 10.7194365947,0.8477445277 / -25.5671445964,0.0377187754 / 91.4614405637,8.3741171072 / 137.3833704675,0.3297862715 / 20.5087995556
1746500000.0000000000,5.7865994632,0.0753678372,0.8621580170 / 10.7595414112,0.8469047077 / -25.6382105752,0.0378848103 / 91.4404019424,8.3646102664 / 137.2519997173,0.3303523571 / 20.4621257996
1753000000.0000000000,5.7854240182,0.0755253228,0.8618714686 / 10.7996488485,0.8460646909 / -25.7090796533,0.0380509981 / 91.4191977123,8.3551016620 / 137.1208490960,0.3309166534 / 20.4151906731
1759500000.0000000000,5.7842425644,0.0756830663,0.8615843846 / 10.8397589256,0.8452244926 / -25.7797520875,0.0382173381 / 91.3978291261,8.3455914594 / 136.9899183789,0.3314791584 / 20.3679978207
1766000000.0000000000,5.7830551095,0.0758410661,0.8612967676 / 10.8798716615,0.8443841279 / -25.8502281388,0.0383838296 / 91.3762974301,8.3360798226 / 136.8592073372,0.3320398701 / 20.3205508459
1772500000.0000000000,5.7818616606,0.0759993207,0.8610086200 / 10.9199870751,0.8435436117 / -25.9205080717,0.0385504718 / 91.3546038643,8.3265669146 / 136.7287157387,0.3325987866 / 20.2728533111
1779000000.0000000000,5.7806622254,0.0761578284,0.8607199442 / 10.9601051853,0.8427029588 / -25.9905921545,0.0387172640 / 91.3327496625,8.3170528971 / 136.5984433472,0.3331559062 / 20.2249087384
1785500000.0000000000,5.7794568110,0.0763165876,0.8604307425 / 11.0002260109,0.8418621841 / -26.0604806590,0.0388842055 / 91.3107360520,8.3075379303 / 136.4683899229,0.3337112273 / 20.1767206096
1792000000.0000000000,5.7782454249,0.0764755968,0.8601410175 / 11.0403495707,0.8410213022 / -26.1301738609,0.0390512955 / 91.2885642541,8.2980221734 / 136.3385552223,0.3342647485 / 20.1282923673
1798500000.0000000000,5.7770280744,0.0766348544,0.8598507714 / 11.0804758836,0.8401803274 / -26.1996720391,0.0392185333 / 91.2662354835,8.2885057844 / 136.2089389984,0.3348164684 / 20.0796274145
1805000000.0000000000,5.7758047668,0.0767943588,0.8595600066 / 11.1206049682,0.8393392743 / -26.2689754763,0.0393859182 / 91.2437509487,8.2789889200 / 136.0795410004,0.3353663855 / 20.0307291157
1811500000.0000000000,5.7745755095,0.0769541086,0.8592687255 / 11.1607368431,0.8384981570 / -26.3380844585,0.0395534494 / 91.2211118519,8.2694717355 / 135.9503609743,0.3359144989 / 19.9816007970
1818000000.0000000000,5.7733403096,0.0771141021,0.8589769302 / 11.2008715272,0.8376569898 / -26.4069992752,0.0397211262 / 91.1983193890,8.2599543853 / 135.8213986622,0.3364608074 / 19.9322457465
1824500000.0000000000,5.7720991744,0.0772743379,0.8586846232 / 11.2410090389,0.8368157867 / -26.4757202194,0.0398889479 / 91.1753747494,8.2504370223 / 135.6926538033,0.3370053101 / 19.8826672147
1831000000.0000000000,5.7708521113,0.0774348143,0.8583918067 / 11.2811493968,0.8359745615 / -26.5442475872,0.0400569138 / 91.1522791163,8.2409197982 / 135.5641261329,0.3375480060 / 19.8328684151
1837500000.0000000000,5.7695991274,0.0775955300,0.8580984829 / 11.3212926195,0.8351333281 / -26.6125816782,0.0402250231 / 91.1290336666,8.2314028636 / 135.4358153833,0.3380888945 / 19.7828525244
1844000000.0000000000,5.7683402299,0.0777564834,0.8578046541 / 11.3614387255,0.8342921003 / -26.6807227950,0.0403932751 / 91.1056395707,8.2218863679 / 135.3077212833,0.3386279748 / 19.7326226830
1850500000.0000000000,5.7670754260,0.0779176731,0.8575103224 / 11.4015877331,0.8334508915 / -26.7486712438,0.0405616691 / 91.0820979929,8.2123704591 / 135.1798435584,0.3391652464 / 19.6821819951
1857000000.0000000000,5.7658047230,0.0780790975,0.8572154901 / 11.4417396609,0.8326097153 / -26.8164273335,0.0407302044 / 91.0584100909,8.2028552842 / 135.0521819311,0.3397007088 / 19.6315335296
1863500000.0000000000,5.7645281279,0.0782407551,0.8569201594 / 11.4818945272,0.8317685849 / -26.8839913764,0.0408988802 / 91.0345770162,8.1933409887 / 134.9247361206,0.3402343617 / 19.5806803201
1870000000.0000000000,5.7632456480,0.0784026446,0.8566243324 / 11.5220523503,0.8309275137 / -26.9513636879,0.0410676958 / 91.0105999139,8.1838277173 / 134.7975058428,0.3407662047 / 19.5296253654
1876500000.0000000000,5.7619572904,0.0785647645,0.8563280113 / 11.5622131486,0.8300865147 / -27.0185445863,0.0412366505 / 90.9864799229,8.1743156131 / 134.6704908108,0.3412962377 / 19.4783716299
1883000000.0000000000,5.7606630621,0.0787271132,0.8560311981 / 11.6023769403,0.8292456010 / -27.0855343929,0.0414057436 / 90.9622181755,8.1648048183 / 134.5436907344,0.3418244604 / 19.4269220438
1889500000.0000000000,5.7593629704,0.0788896895,0.8557338950 / 11.6425437436,0.8284047855 / -27.1523334321,0.0415749744 / 90.9378157980,8.1552954738 / 134.4171053205,0.3423508731 / 19.3752795038
1896000000.0000000000,5.7580570223,0.0790524918,0.8554361041 / 11.6827135768,0.8275640809 / -27.2189420309,0.0417443422 / 90.9132739100,8.1457877191 / 134.2907342730,0.3428754756 / 19.3234468732
1902500000.0000000000,5.7567452249,0.0792155188,0.8551378274 / 11.7228864579,0.8267235000 / -27.2853605196,0.0419138462 / 90.8885936251,8.1362816929 / 134.1645772928,0.3433982681 / 19.2714269822
1909000000.0000000000,5.7554275852,0.0793787690,0.8548390669 / 11.7630624052,0.8258830552 / -27.3515892310,0.0420834858 / 90.8637760504,8.1267775324 / 134.0386340781,0.3439192510 / 19.2192226284
1915500000.0000000000,5.7541041105,0.0795422411,0.8545398248 / 11.8032414366,0.8250427591 / -27.4176285006,0.0422532602 / 90.8388222866,8.1172753739 / 133.9129043240,0.3444384244 / 19.1668365775
1922000000.0000000000,5.7527748075,0.0797059336,0.8542401031 / 11.8434235702,0.8242026241 / -27.4834786670,0.0424231687 / 90.8137334282,8.1077753521 / 133.7873877230,0.3449557889 / 19.1142715628
1928500000.0000000000,5.7514396836,0.0798698451,0.8539399036 / 11.8836088241,0.8233626622 / -27.5491400712,0.0425932107 / 90.7885105635,8.0982776010 / 133.6620839646,0.3454713448 / 19.0615302863
1935000000.0000000000,5.7500987455,0.0800339744,0.8536392285 / 11.9237972161,0.8225228857 / -27.6146130570,0.0427633854 / 90.7631547742,8.0887822531 / 133.5369927358,0.3459850929 / 19.0086154188
1941500000.0000000000,5.7487520005,0.0801983200,0.8533380797 / 11.9639887643,0.8216833066 / -27.6798979708,0.0429336922 / 90.7376671359,8.0792894399 / 133.4121137207,0.3464970336 / 18.9555296001
1948000000.0000000000,5.7473994554,0.0803628805,0.8530364591 / 12.0041834865,0.8208439368 / -27.7449951614,0.0431041303 / 90.7120487178,8.0697992916 / 133.2874466009,0.3470071677 / 18.9022754396
1954500000.0000000000,5.7460411172,0.0805276547,0.8527343686 / 12.0443814005,0.8200047881 / -27.8099049805,0.0432746990 / 90.6863005830,8.0603119375 / 133.1629910554,0.3475154960 / 18.8488555163
1961000000.0000000000,5.7446769931,0.0806926412,0.8524318103 / 12.0845825243,0.8191658721 / -27.8746277820,0.0434453977 / 90.6604237882,8.0508275054 / 133.0387467603,0.3480220194 / 18.7952723795
1967500000.0000000000,5.7433070898,0.0808578387,0.8521287859 / 12.1247868755,0.8183272005 / -27.9391639223,0.0436162256 / 90.6344193836,8.0413461223 / 132.9147133896,0.3485267388 / 18.7415285490
1974000000.0000000000,5.7419314144,0.0810232458,0.8518252973 / 12.1649944719,0.8174887848 / -28.0035137603,0.0437871821 / 90.6082884135,8.0318679137 / 132.7908906144,0.3490296552 / 18.6876265151
1980500000.0000000000,5.7405499739,0.0811888612,0.8515213465 / 12.2052053314,0.8166506362 / -28.0676776573,0.0439582665 / 90.5820319158,8.0223930043 / 132.6672781037,0.3495307698 / 18.6335687395
1987000000.0000000000,5.7391627752,0.0813546836,0.8512169352 / 12.2454194714,0.8158127661 / -28.1316559768,0.0441294781 / 90.5556509221,8.0129215175 / 132.5438755239,0.3500300836 / 18.5793576550
1993500000.0000000000,5.7377698252,0.0815207118,0.8509120654 / 12.2856369097,0.8149751857 / -28.1954490847,0.0443008162 / 90.5291464578,8.0034535755 / 132.4206825388,0.3505275978 / 18.5249956664
2000000000.0000000000,5.7363711309,0.0816869444,0.8506067387 / 12.3258576638,0.8141379059 / -28.2590573493,0.0444722802 / 90.5025195421,7.9939892995 / 132.2976988102,0.3510233138 / 18.4704851505
