freq,s11,s12,s21,s22
0.7,0.775010082015917 - 0.204866012910951i,0.0152108478748691 - 0.596787343143071i,0.0152108478748691 - 0.596787343143071i,0.764040121064281 + 0.24458965260589i
0.7065,0.773074298509278 - 0.214880230385583i,0.00987516949239311 - 0.595882553622288i,0.0098751694923931 - 0.595882553622288i,0.766004595525562 + 0.240888832981887i
0.713,0.77095794407216 - 0.224885703081208i,0.00456454765964928 - 0.594990898458281i,0.0045645476596495 - 0.594990898458281i,0.767894090444172 + 0.237199562473575i
0.7195,0.768660809149025 - 0.234881158865097i,-0.000723365565658116 - 0.59411239251775i,-0.000723365565658106 - 0.594112392517751i,0.769709734148236 + 0.233522325759021i
0.726,0.766182599228789 - 0.244865310610898i,-0.00599089091878863 - 0.593246995886897i,-0.00599089091878892 - 0.593246995886897i,0.771452613073031 + 0.229857585475592i
0.7325,0.763522935667297 - 0.254836851665866i,-0.0112403228889386 - 0.59239461490357i,-0.0112403228889388 - 0.59239461490357i,0.773123772556447 + 0.226205784291687i
0.739,0.760681356554717 - 0.264794451339637i,-0.0164739306624271 - 0.591555103051566i,-0.016473930662427 - 0.591555103051566i,0.774724217641801 + 0.22256734690119i
0.7455,0.757657317629587 - 0.274736750405825i,-0.0216939590439612 - 0.590728261721073i,-0.0216939590439612 - 0.590728261721073i,0.776254913886606 + 0.218942681945567i
0.752,0.754450193241868 - 0.284662356607932i,-0.0269026293519919 - 0.589913840839025i,-0.026902629351992 - 0.589913840839025i,0.777716788176132 + 0.215332183868387i
0.7585,0.751059277367939 - 0.294569840161335i,-0.0321021402842821 - 0.589111539372914i,-0.0321021402842821 - 0.589111539372914i,0.779110729540902 + 0.211736234706804i
0.765,0.747483784681139 - 0.30445772924333i,-0.0372946687499087 - 0.588321005711406i,-0.0372946687499087 - 0.588321005711407i,0.780437589977511 + 0.20815520582438i
0.7715,0.743722851681991 - 0.314324505463487i,-0.0424823706639637 - 0.587541837924895i,-0.0424823706639636 - 0.587541837924895i,0.781698185272367 + 0.204589459589387i
0.778,0.73977553789294 - 0.3241685993068i,-0.0476673817012581 - 0.58677358390895i,-0.0476673817012582 - 0.58677358390895i,0.782893295828214 + 0.201039351002603i
0.7845,0.735640827122949 - 0.333988385542411i,-0.0528518180053408 - 0.586015741413463i,-0.0528518180053409 - 0.586015741413464i,0.78402366749347 + 0.19750522927837i
0.791,0.731317628808014 - 0.343782178590935i,-0.0580377768491219 - 0.585267757960112i,-0.0580377768491218 - 0.585267757960112i,0.785090012394642 + 0.193987439382555i
0.7975,0.726804779434202 - 0.353548227843724i,-0.063227337243353 - 0.584529030650644i,-0.0632273372433529 - 0.584529030650645i,0.786093009772248 + 0.190486323530842i
0.804,0.72210104405048 - 0.36328471292768i,-0.0684225604891519 - 0.583798905868366i,-0.0684225604891521 - 0.583798905868366i,0.787033306820881 + 0.187002222650639i
0.8105,0.717205117879267 - 0.372989738909586i,-0.0736254906706778 - 0.583076678875081i,-0.0736254906706779 - 0.583076678875081i,0.787911519534204 + 0.18353547780969i
0.817,0.712115628033257 - 0.382661331434229i,-0.0788381550839514 - 0.582361593305684i,-0.0788381550839514 - 0.582361593305685i,0.788728233555845 + 0.180086431614325i
0.8235,0.706831135347765 - 0.392297431790968i,-0.0840625645977002 - 0.581652840562518i,-0.0840625645977003 - 0.581652840562518i,0.789484005037318 + 0.176655429580121i
0.83,0.701350136338519 - 0.401895891903794i,-0.0893007139419574 - 0.580949559111537i,-0.0893007139419575 - 0.580949559111538i,0.790179361504282 + 0.173242821477563i
0.8365,0.695671065295527 - 0.411454469240346i,-0.0945545819199818 - 0.580250833682362i,-0.094554581919982 - 0.580250833682363i,0.790814802732544 + 0.16984896265514i
0.843,0.689792296524378 - 0.420970821635795i,-0.0998261315388939 - 0.579555694374207i,-0.0998261315388938 - 0.579555694374208i,0.791390801635443 + 0.166474215342144i
0.8495,0.683712146747071 - 0.430442502028022i,-0.105117310054216 - 0.578863115669786i,-0.105117310054217 - 0.578863115669786i,0.791907805164327 + 0.163118949933263i
0.856,0.677428877675214 - 0.439866953101032i,-0.110430048923309 - 0.578172015359263i,-0.110430048923309 - 0.578172015359263i,0.792366235224053 + 0.159783546256892i
0.8625,0.67094069876924 - 0.449241501834163i,-0.115766263662445 - 0.577481253376442i,-0.115766263662445 - 0.577481253376441i,0.79276648960551 + 0.156468394828917i
0.869,0.664245770198048 - 0.458563353955247i,-0.121127853602051 - 0.576789630549462i,-0.121127853602051 - 0.576789630549462i,0.793108942937376 + 0.15317389809354i
0.8755,0.657342206014324 - 0.467829588296632i,-0.126516701534369 - 0.576095887268412i,-0.12651670153437 - 0.576095887268412i,0.793393947659417 + 0.149900471652526i
0.882,0.650228077561604 - 0.477037151053692i,-0.131934673247532 - 0.575398702072428i,-0.131934673247532 - 0.575398702072428i,0.793621835019815 + 0.146648545484083i
0.8885,0.642901417129995 - 0.486182849946319i,-0.137383616939776 - 0.574696690159063i,-0.137383616939776 - 0.574696690159064i,0.793792916099096 + 0.143418565152357i
0.895,0.63536022187833 - 0.495263348284791i,-0.142865362507217 - 0.573988401818913i,-0.142865362507217 - 0.573988401818914i,0.793907482863439 + 0.140210993008351i
0.9015,0.627602458041394 - 0.504275158942421i,-0.148381720698335 - 0.573272320798802i,-0.148381720698335 - 0.573272320798802i,0.793965809250221 + 0.137026309382835i
0.908,0.619626065441737 - 0.513214638238456i,-0.153934482128001 - 0.57254686259711i,-0.153934482128001 - 0.57254686259711i,0.793968152288825 + 0.133865013771605i
0.9145,0.611428962326475 - 0.522077979735931i,-0.159525416143582 - 0.571810372695219i,-0.159525416143582 - 0.57181037269522i,0.793914753259858 + 0.130727626013203i
0.921,0.603009050550327 - 0.530861207960418i,-0.165156269535357 - 0.57106112472943i,-0.165156269535357 - 0.57106112472943i,0.793805838896052 + 0.127614687458963i
0.9275,0.594364221127044 - 0.539560172047099i,-0.170828765083176 - 0.570297318608172i,-0.170828765083176 - 0.570297318608173i,0.793641622628256 + 0.124526762134977i
0.934,0.585492360172197 - 0.548170539325037i,-0.176544599930981 - 0.56951707857986i,-0.176544599930981 - 0.569517078579861i,0.793422305880036 + 0.121464437895303i
0.9405,0.576391355261143 - 0.556687788849274i,-0.182305443780533 - 0.568718451257264i,-0.182305443780533 - 0.568718451257264i,0.793148079414531 + 0.118428327565429i
0.947,0.567059102226789 - 0.56510720489314i,-0.188112936895404 - 0.56789940360494i,-0.188112936895404 - 0.567899403604941i,0.792819124737305 + 0.115419070074699i
0.9535,0.557493512422497 - 0.57342387041511i,-0.19396868790602 - 0.567057820896915i,-0.19396868790602 - 0.567057820896916i,0.792435615559043 + 0.11243733157606i
0.96,0.547692520476218 - 0.581632660516708i,-0.199874271406313 - 0.566191504652573i,-0.199874271406313 - 0.566191504652573i,0.791997719322023 + 0.109483806551148i
0.9665,0.537654092562532 - 0.589728235910178i,-0.205831225332308 - 0.565298170559517i,-0.205831225332308 - 0.565298170559518i,0.791505598794389 + 0.106559218898336i
0.973,0.527376235219874 - 0.597705036417148i,-0.211841048112796 - 0.564375446393077i,-0.211841048112796 - 0.564375446393078i,0.79095941373628 + 0.103664323000975i
0.9795,0.516857004740611 - 0.605557274522114i,-0.21790519558209 - 0.563420869943042i,-0.21790519558209 - 0.563420869943043i,0.790359322641956 + 0.100799904772619i
0.986,0.506094517162054 - 0.613278929007419i,-0.224025077644763 - 0.562431886959299i,-0.224025077644763 - 0.562431886959299i,0.789705484562057 + 0.0979667826756004i
0.9925,0.495086958886615 - 0.620863738699411i,-0.230202054682219 - 0.561405849129116i,-0.230202054682219 - 0.561405849129116i,0.788998061010148 + 0.095165808708798i
0.999,0.483832597959411 - 0.628305196358713i,-0.236437433690967 - 0.560340012100025i,-0.236437433690967 - 0.560340012100026i,0.788237217957678 + 0.0923978693599821i
1.0055,0.472329796031443 - 0.635596542750929i,-0.242732464142542 - 0.559231533563529i,-0.242732464142542 - 0.55923153356353i,0.787423127921442 + 0.0896638865175526i
1.012,0.460577021036146 - 0.642730760937802i,-0.249088333555215 - 0.558077471416189i,-0.249088333555216 - 0.55807747141619i,0.786555972147521 + 0.0869648183359366i
1.0185,0.448572860606495 - 0.649700570832651i,-0.255506162767865 - 0.55687478201612i,-0.255506162767865 - 0.556874782016121i,0.785635942895589 + 0.0843016600483245i
1.025,0.436316036258989 - 0.656498424067984i,-0.261987000906781 - 0.555620318554387i,-0.261987000906781 - 0.555620318554388i,0.784663245827274 + 0.0816754447198036i
1.0315,0.423805418369682 - 0.663116499227488i,-0.268531820036656 - 0.554310829562443i,-0.268531820036656 - 0.554310829562444i,0.783638102502092 + 0.0790872439332935i
1.038,0.411040041965878 - 0.669546697499008i,-0.27514150948763 - 0.552942957578356i,-0.27514150948763 - 0.552942957578357i,0.782560752984149 + 0.0765381684000376i
1.0445,0.398019123355256 - 0.675780638809845i,-0.281816869851058 - 0.551513237996378i,-0.281816869851058 - 0.551513237996379i,0.781431458562549 + 0.0740293684856882i
1.051,0.384742077611826 - 0.681809658510499i,-0.288558606637572 - 0.550018098126152i,-0.288558606637572 - 0.550018098126153i,0.780250504588004 + 0.0715620346423205i
1.0575,0.371208536935374 - 0.687624804678011i,-0.295367323592166 - 0.548453856489771i,-0.295367323592166 - 0.548453856489771i,0.779018203427707 + 0.0691373977359691i
1.064,0.357418369897718 - 0.693216836115176i,-0.302243515662319 - 0.546816722386777i,-0.302243515662319 - 0.546816722386778i,0.777734897539998 + 0.0667567292585313i
1.0705,0.343371701585268 - 0.698576221127152i,-0.309187561616738 - 0.54510279575917i,-0.309187561616738 - 0.54510279575917i,0.776400962669724 + 0.0644213414121153i
1.077,0.329068934642894 - 0.703693137162306i,-0.316199716314038 - 0.543308067390436i,-0.316199716314038 - 0.543308067390437i,0.775016811164464 + 0.0621325870531551i
1.0835,0.314510771219 - 0.708557471409495i,-0.323280102622747 - 0.541428419474635i,-0.323280102622747 - 0.541428419474636i,0.773582895411036 + 0.0598918594828344i
1.09,0.299698235805858 - 0.713158822449308i,-0.330428702996276 - 0.539459626593499i,-0.330428702996276 - 0.5394596265935i,0.772099711390723 + 0.0577005920696176i
1.0965,0.284632698962654 - 0.717486503062056i,-0.337645350709114 - 0.537397357141484i,-0.337645350709115 - 0.537397357141485i,0.770567802350665 + 0.0555602576889381i
1.103,0.269315901901329 - 0.721529544300433i,-0.344929720763405 - 0.535237175240542i,-0.344929720763405 - 0.535237175240543i,0.768987762587727 + 0.0534723679643905i
1.1095,0.253749981907021 - 0.725276700939653i,-0.352281320478267 - 0.532974543188191i,-0.352281320478267 - 0.532974543188192i,0.767360241339851 + 0.0514384722940995i
1.116,0.23793749855577 - 0.728716458422496i,-0.359699479777819 - 0.530604824484118i,-0.359699479777819 - 0.530604824484118i,0.76568594677852 + 0.0494601566453172i
1.1225,0.221881460682069 - 0.731837041420874i,-0.367183341197769 - 0.528123287482007i,-0.367183341197769 - 0.528123287482007i,0.763965650094441 + 0.0475390420997598i
1.129,0.205585354037807 - 0.734626424139242i,-0.374731849634736 - 0.525525109714628i,-0.374731849634736 - 0.525525109714629i,0.762200189666827 + 0.0456767831317186i
1.1355,0.189053169572073 - 0.737072342488249i,-0.382343741867132 - 0.522805382941209i,-0.382343741867132 - 0.52280538294121i,0.760390475304908 + 0.0438750656006184i
1.142,0.172289432248281 - 0.739162308259317i,-0.390017535881484 - 0.519959118966878i,-0.390017535881484 - 0.519959118966879i,0.758537492548278 + 0.0421356044394621i
1.1485,0.155299230300978 - 0.740883625432254i,-0.397751520043499 - 0.516981256284319i,-0.3977515200435 - 0.51698125628432i,0.756642307010637 + 0.0404601410204841i
1.155,0.138088244819673 - 0.742223408748366i,-0.405543742159003 - 0.513866667587763i,-0.405543742159003 - 0.513866667587764i,0.754706068749179 + 0.038850440179418i
1.1615,0.120662779530965 - 0.743168604680647i,-0.413391998475986 - 0.510610168208901i,-0.413391998475986 - 0.510610168208902i,0.752730016639583 + 0.0373082868800246i
1.168,0.103029790633297 - 0.743706014930372i,-0.421293822685583 - 0.50720652552323i,-0.421293822685582 - 0.50720652552323i,0.750715482733975 + 0.0358354825010115i
1.1745,0.0851969165208587 - 0.743822322575554i,-0.429246474986557 - 0.503650469373676i,-0.429246474986557 - 0.503650469373676i,0.748663896576672 + 0.0344338407281735i
1.181,0.0671725072145576 - 0.743504120991141i,-0.437246931285004 - 0.499936703555949i,-0.437246931285005 - 0.49993670355595i,0.746576789449776 + 0.033105183035579i
1.1875,0.0489656532987621 - 0.742737945653195i,-0.445291872608288 - 0.49605991840693i,-0.445291872608288 - 0.496059918406931i,0.744455798517906 + 0.0318513337409025i
1.194,0.030586214142773 - 0.741510308929596i,-0.453377674819743 - 0.492014804533437i,-0.453377674819743 - 0.492014804533437i,0.742302670838467 + 0.0306741146216078i
1.2005,0.012044845165964 - 0.739807737947699i,-0.461500398728245 - 0.487796067713801i,-0.461500398728245 - 0.487796067713802i,0.74011926720104 + 0.0295753390806471i
1.207,-0.00664697611464627 - 0.737616815614696i,-0.469655780694366 - 0.483398444998834i,-0.469655780694366 - 0.483398444998835i,0.737907565756521 + 0.0285568058526824i
1.2135,-0.0254769255355977 - 0.734924224849111i,-0.477839223842341 - 0.478816722031818i,-0.477839223842341 - 0.478816722031818i,0.735669665393903 + 0.0276202922445697i
1.22,-0.0444318095377197 - 0.731716796061587i,-0.486045789994391 - 0.474045751599149i,-0.486045789994391 - 0.47404575159915i,0.733407788819758 + 0.0267675469070185i
1.2265,-0.0634975445359227 - 0.727981557899816i,-0.494270192450907 - 0.469080473414076i,-0.494270192450907 - 0.469080473414077i,0.731124285292978 + 0.0260002821379478i
1.233,-0.0826591387451833 - 0.723705791246102i,-0.502506789746529 - 0.463915935125573i,-0.502506789746529 - 0.463915935125574i,0.728821632964851 + 0.0253201657221186i
1.2395,-0.101900676815932 - 0.718877086426393i,-0.510749580517996 - 0.458547314532825i,-0.510749580517996 - 0.458547314532825i,0.726502440772457 + 0.0247288123161612i
1.246,-0.121205307646089 - 0.713483403556771i,-0.518992199624716 - 0.452969942972932i,-0.518992199624716 - 0.452969942972933i,0.724169449831542 + 0.0242277743931026i
1.2525,-0.140555235748585 - 0.707513135917308i,-0.527227915667069 - 0.447179329835458i,-0.52722791566707 - 0.447179329835459i,0.721825534273589 + 0.0238185327659504i
1.259,-0.159931716561745 - 0.700955176203997i,-0.53544963005033 - 0.441171188142159i,-0.53544963005033 - 0.44117118814216i,0.719473701470878 + 0.0235024867157845i
1.2655,-0.179315056094975 - 0.693798985467264i,-0.543649877743575 - 0.434941461113979i,-0.543649877743575 - 0.43494146111398i,0.717117091592916 + 0.0232809437561115i
1.272,-0.198684615303155 - 0.686034664500622i,-0.551820829882837 - 0.428486349629994i,-0.551820829882837 - 0.428486349629995i,0.714758976437852 + 0.0231551090719145i
1.2785,-0.218018819579439 - 0.677653027395658i,-0.559954298365822 - 0.42180234046479i,-0.559954298365822 - 0.421802340464791i,0.712402757483414 + 0.0231260746788401i
1.285,-0.237295173747338 - 0.668645676930086i,-0.568041742581555 - 0.414886235171777i,-0.568041742581555 - 0.414886235171777i,0.710051963103653 + 0.0231948083552259i
1.2915,-0.256490282918376 - 0.659005081404681i,-0.57607427841216 - 0.407735179460449i,-0.57607427841216 - 0.40773517946045i,0.707710244900353 + 0.0233621424071192i
1.298,-0.275579879560829 - 0.648724652492969i,-0.584042689635384 - 0.400346692895824i,-0.584042689635383 - 0.400346692895825i,0.705381373101465 + 0.0236287623339672i
1.3045,-0.294538857097605 - 0.637798823615456i,-0.591937441845353 - 0.392718698728471i,-0.591937441845353 - 0.392718698728472i,0.703069230983469 + 0.0239951954701739i
1.311,-0.31334131031688 - 0.626223128298585i,-0.599748698995181 - 0.384849553644039i,-0.599748698995181 - 0.38484955364404i,0.700777808280069 + 0.0244617996850888i
1.3175,-0.331960582837293 - 0.613994277928526i,-0.607466342648408 - 0.376738077202318i,-0.607466342648408 - 0.376738077202319i,0.698511193546288 + 0.0250287522310811i
1.324,-0.350369321820209 - 0.601110238262273i,-0.615079994006704 - 0.368383580718041i,-0.615079994006704 - 0.368383580718042i,0.696273565454714 + 0.0256960388360205i
1.3305,-0.36853954006471 - 0.587570304014367i,-0.622579038758912 - 0.359785895319211i,-0.622579038758912 - 0.359785895319212i,0.694069183009473 + 0.0264634431425632i
1.337,-0.386442685556663 - 0.573375170798102i,-0.629952654771232 - 0.350945398904225i,-0.629952654771232 - 0.350945398904226i,0.691902374673388 + 0.0273305366019705i
1.3435,-0.404049718471673 - 0.558527003666424i,-0.637189842610445 - 0.341863041706855i,-0.637189842610445 - 0.341863041706856i,0.68977752641467 + 0.0282966689345872i
1.35,-0.421331195553465 - 0.543029501471052i,-0.644279458861582 - 0.332540370168691i,-0.644279458861582 - 0.332540370168691i,0.687699068691337 + 0.0293609592724201i
1.3565,-0.43825736170475 - 0.526887956239902i,-0.651210252168685 - 0.322979548812479i,-0.651210252168685 - 0.322979548812479i,0.685671462404268 + 0.0305222881012866i
1.363,-0.454798248537932 - 0.510109306763792i,-0.657970901892607 - 0.3131833798072i,-0.657970901892607 - 0.313183379807201i,0.68369918386318 + 0.0317792901206173i
1.3695,-0.470923779538915 - 0.49270218558468i,-0.664550059243554 - 0.303155319917274i,-0.664550059243554 - 0.303155319917274i,0.681786708823795 + 0.0331303481380171i
1.376,-0.486603881400243 - 0.474676958590393i,-0.670936390708772 - 0.292899494534184i,-0.670936390708772 - 0.292899494534184i,0.679938495668739 + 0.0345735881129988i
1.3825,-0.501808600981022 - 0.456045756445679i,-0.677118623557981 - 0.28242070849951i,-0.677118623557981 - 0.282420708499511i,0.678158967819229 + 0.0361068754597811i
1.389,-0.516508227252403 - 0.436822497127193i,-0.683085593171518 - 0.271724453443935i,-0.683085593171518 - 0.271724453443936i,0.676452495478881 + 0.037727812712622i
1.3955,-0.530673417490377 - 0.417022898880997i,-0.688826291899284 - 0.260816911387529i,-0.688826291899285 - 0.26081691138753i,0.674823376825011 + 0.039433738648763i
1.402,-0.544275326884264 - 0.396664482985681i,-0.69432991912329 - 0.249704954372469i,-0.694329919123291 - 0.24970495437247i,0.6732758187761 + 0.0412217289537196i
1.4085,-0.557285740641502 - 0.375766565781978i,-0.69958593216359 - 0.23839613993029i,-0.69958593216359 - 0.238396139930291i,0.671813917476494 + 0.0430885985013564i
1.415,-0.569677207589169 - 0.354350239520471i,-0.704584097637459 - 0.226898702221603i,-0.704584097637459 - 0.226898702221604i,0.670441638650561 + 0.0450309053070511i
1.4215,-0.58142317420207 - 0.332438341681955i,-0.709314542855554 - 0.215221538726667i,-0.709314542855555 - 0.215221538726668i,0.669162797988159 + 0.0470449561963716i
1.428,-0.592498117928216 - 0.310055412538969i,-0.713767806817285 - 0.203374192409776i,-0.713767806817285 - 0.203374192409777i,0.667981041731072 + 0.0491268142142712i
1.4345,-0.60287767863686 - 0.287227640850846i,-0.717934890351325 - 0.191366829328646i,-0.717934890351325 - 0.191366829328647i,0.666899827635844 + 0.0512723077810364i
1.441,-0.612538786983595 - 0.263982797716374i,-0.721807304936835 - 0.179210211711119i,-0.721807304936835 - 0.17921021171112i,0.665922406491875 + 0.0534770415814019i
1.4475,-0.621459788472785 - 0.24035015874595i,-0.725377119736909 - 0.166915666574771i,-0.725377119736909 - 0.166915666574772i,0.665051804374623 + 0.0557364091526556i
1.454,-0.629620562000946 - 0.216360414856709i,-0.728637006378621 - 0.154495050019563i,-0.728637006378622 - 0.154495050019564i,0.664290805812097 + 0.0580456071165643i
1.4605,-0.637002631686243 - 0.192045572136947i,-0.731580281023856 - 0.141960707378517i,-0.731580281023856 - 0.141960707378517i,0.663641938038396 + 0.0603996509789032i
1.467,-0.643589270829695 - 0.167438841367718i,-0.73420094329223 - 0.129325429465528i,-0.734200943292229 - 0.129325429465529i,0.663107456500909 + 0.062793392399689i
1.4735,-0.649365596912609 - 0.142574517927029i,-0.73649371162163 - 0.116602405211834i,-0.736493711621629 - 0.116602405211835i,0.662689331777876 + 0.065221537817279i
1.48,-0.654318656612154 - 0.117487852932791i,-0.738454054683103 - 0.103805171032214i,-0.738454054683103 - 0.103805171032215i,0.662389238050419 + 0.0676786682907145i
1.4865,-0.658437499911588 - 0.0922149166020765i,-0.740078218504628 - 0.0909475573077714i,-0.740078218504628 - 0.0909475573077721i,0.66220854325812 + 0.0701592604074556i
1.493,-0.661713242492411 - 0.0667924549135686i,-0.741363249002183 - 0.0780436324131277i,-0.741363249002183 - 0.0780436324131285i,0.662148301049838 + 0.0726577080883261i
1.4995,-0.664139115720815 - 0.0412577407551735i,-0.74230700966578 - 0.0651076447511548i,-0.74230700966578 - 0.0651076447511554i,0.662209244622084 + 0.075168345108407i
1.506,-0.665710503678178 - 0.0156484208174389i,-0.742908194201913 - 0.0521539632872145i,-0.742908194201913 - 0.0521539632872153i,0.66239178251625 + 0.0776854681420749i
1.5125,-0.66642496683255 + 0.00999764044597104i,-0.743166333991318 - 0.0391970170966703i,-0.743166333991318 - 0.0391970170966712i,0.662695996423568 + 0.0802033601326016i
1.519,-0.666282252102541 + 0.0356425184283592i,-0.7430818002809 - 0.0262512344536224i,-0.743081800280899 - 0.0262512344536231i,0.663121641023438 + 0.0827163137819033i
1.5255,-0.665284289223787 + 0.0612483861673996i,-0.742655801090122 - 0.0133309819951382i,-0.742655801090121 - 0.0133309819951388i,0.663668145856987 + 0.0852186549542542i
1.532,-0.663435173488303 + 0.0867776709466016i,-0.741890372873905 - 0.000450504493547974i,-0.741890372873904 - 0.000450504493548628i,0.664334619213934 + 0.0877047657890995i
1.5385,-0.660741135085546 + 0.112193208338189i,-0.740788367044946 + 0.0123761342402933i,-0.740788367044946 + 0.0123761342402927i,0.665119853987474 + 0.090169107322489i
1.545,-0.657210495427964 + 0.1374583923657i,-0.739353431517309 + 0.0251351088173224i,-0.739353431517309 + 0.0251351088173217i,0.666022335429371 + 0.0926062414240063i
1.5515,-0.65285361099031 + 0.162537320524685i,-0.737589987488933 + 0.0378128876134407i,-0.737589987488934 + 0.0378128876134399i,0.667040250716166 + 0.0950108518662136i
1.558,-0.647682805328517 + 0.187394932477915i,-0.735503201732549 + 0.0503962855463819i,-0.735503201732549 + 0.0503962855463813i,0.668171500217808 + 0.0973777643563517i
1.5645,-0.641712290068083 + 0.21199714133556i,-0.733098954711276 + 0.0628725138747151i,-0.733098954711276 + 0.0628725138747145i,0.669413710342346 + 0.0997019653750384i
1.571,-0.6349580757617 + 0.236310956538893i,-0.730383804876405 + 0.0752292266502668i,-0.730383804876404 + 0.0752292266502662i,0.670764247814885 + 0.101978619683669i
1.5775,-0.62743787360961 + 0.260304597485757i,-0.72736494953965 + 0.0874545635024197i,-0.72736494953965 + 0.0874545635024193i,0.672220235236144 + 0.104203086380785i
1.584,-0.619170989112734 + 0.283947597164893i,-0.72405018274036 + 0.0995371884832271i,-0.72405018274036 + 0.0995371884832266i,0.673778567755567 + 0.106370933407444i
1.5905,-0.610178208787112 + 0.307210895201441i,-0.720447850549186 + 0.111466324755065i,-0.720447850549187 + 0.111466324755065i,0.675435930686458 + 0.108477950422195i
1.597,-0.600481681108295 + 0.330066919855037i,-0.716566804263746 + 0.123231784956591i,-0.716566804263746 + 0.12323178495659i,0.677188817885745 + 0.110520159987259i
1.6035,-0.59010479287606 + 0.352489658652012i,-0.712416351958619 + 0.134823997137028i,-0.712416351958619 + 0.134823997137028i,0.679033550718948 + 0.112493827028498i
1.61,-0.579072042193669 + 0.374454717471979i,-0.708006208852054 + 0.146234026202344i,-0.708006208852054 + 0.146234026202343i,0.680966297431503 + 0.114395466552399i
1.6165,-0.567408909242589 + 0.395939368043947i,-0.703346446945146 + 0.157453590868722i,-0.703346446945147 + 0.157453590868722i,0.682983092750678 + 0.116221849623215i
1.623,-0.555141726004387 + 0.41692258393603i,-0.698447444376603 + 0.168475076168142i,-0.698447444376603 + 0.168475076168141i,0.685079857547733 + 0.117970007622328i
1.6295,-0.542297546037678 + 0.43738506524379i,-0.693319834918019 + 0.179291541597028i,-0.693319834918019 + 0.179291541597028i,0.687252418397495 + 0.119637234829464i
1.636,-0.528904015361305 + 0.457309252293747i,-0.687974458011518 + 0.189896725041312i,-0.687974458011518 + 0.189896725041312i,0.689496526881859 + 0.121221089381518i
1.6425,-0.514989245427012 + 0.476679328779133i,-0.682422309724333 + 0.200285042649284i,-0.682422309724333 + 0.200285042649284i,0.691807878494639 + 0.122719392679105i
1.649,-0.500581689087765 + 0.495481214833815i,-0.676674494964234 + 0.21045158485702i,-0.676674494964235 + 0.21045158485702i,0.694182131017422 + 0.124130227323468i
1.6555,-0.485710020383444 + 0.513702550626448i,-0.670742181266316 + 0.220392108799642i,-0.670742181266316 + 0.220392108799641i,0.696614922249179 + 0.125451933677058i
1.662,-0.470403018875786 + 0.531332671120336i,-0.664636554426354 + 0.230103027365104i,-0.664636554426354 + 0.230103027365104i,0.699101886986343 + 0.126683105149693i
1.6685,-0.454689459171228 + 0.548362572694796i,-0.658368776219442 + 0.239581395165656i,-0.658368776219442 + 0.239581395165655i,0.701638673164252 + 0.127822582318952i
1.675,-0.438598006175345 + 0.56478487236141i,-0.651949944405612 + 0.248824891715518i,-0.651949944405612 + 0.248824891715518i,0.704220957085316 + 0.128869445998232i
1.6815,-0.422157116527681 + 0.58059376033378i,-0.645391055187258 + 0.257831802112105i,-0.645391055187257 + 0.257831802112105i,0.706844457673559 + 0.129823009368869i
1.688,-0.405394946572358 + 0.595784946722884i,-0.638702968247076 + 0.266600995522232i,-0.638702968247076 + 0.266600995522232i,0.709504949709151 + 0.130682809293928i
1.6945,-0.388339267129415 + 0.610355603132699i,-0.631896374460275 + 0.275131901774825i,-0.631896374460275 + 0.275131901774825i,0.712198276010038 + 0.131448596930922i
1.701,-0.371017385245421 + 0.624304299923363i,-0.624981766341612 + 0.283424486357827i,-0.624981766341612 + 0.283424486357827i,0.714920358540506 + 0.132120327758881i
1.7075,-0.353456073020514 + 0.637630939892741i,-0.617969411256621 + 0.29147922410982i,-0.617969411256621 + 0.29147922410982i,0.717667208438494 + 0.1326981511321i
1.714,-0.335681503533527 + 0.650336689103039i,-0.6108693273975 + 0.299297071886703i,-0.6108693273975 + 0.299297071886703i,0.720434934964474 + 0.133182399468646i
1.7205,-0.317719193817714 + 0.662423905548166i,-0.603691262497864 + 0.306879440471118i,-0.603691262497864 + 0.306879440471117i,0.723219753384722 + 0.133573577176561i
1.727,-0.299593954777315 + 0.673896066320927i,-0.596444675236889 + 0.314228165977499i,-0.596444675236889 + 0.314228165977499i,0.726017991810751 + 0.13387234941471i
1.7335,-0.281329847879941 + 0.684757693898134i,-0.58913871926258 + 0.321345480989251i,-0.58913871926258 + 0.321345480989251i,0.728826097024548 + 0.134079530778715i
1.74,-0.262950148411733 + 0.695014282117231i,-0.581782229745772 + 0.328233985646851i,-0.581782229745772 + 0.328233985646851i,0.731640639326012 + 0.134196073995353i
1.7465,-0.244477315041213 + 0.704672222371123i,-0.57438371236126 + 0.334896618887184i,-0.57438371236126 + 0.334896618887184i,0.734458316444689 + 0.134223058701561i
1.753,-0.225932965403746 + 0.713738730499573i,-0.56695133457975 + 0.341336630015388i,-0.56695133457975 + 0.341336630015388i,0.737275956562571 + 0.134161680376656i
1.7595,-0.207337857391113 + 0.72222177480651i,-0.559492919144389 + 0.347557550771317i,-0.559492919144388 + 0.347557550771317i,0.740090520498352 + 0.134013239488924i
1.766,-0.188711875809626 + 0.730130005583744i,-0.552015939597953 + 0.353563168033646i,-0.552015939597953 + 0.353563168033647i,0.742899103106289 + 0.13377913091028i
1.7725,-0.170074024055043 + 0.737472686473476i,-0.544527517721479 + 0.35935749728595i,-0.544527517721478 + 0.359357497285951i,0.745698933944653 + 0.133460833645421i
1.779,-0.151442420442736 + 0.744259627955309i,-0.537034422741837 + 0.364944756950972i,-0.537034422741837 + 0.364944756950973i,0.748487377269826 + 0.133059900914908i
1.7855,-0.132834298826774 + 0.750501123198532i,-0.529543072164386 + 0.370329343681929i,-0.529543072164387 + 0.37032934368193i,0.751261931412428 + 0.132577950624864i
1.792,-0.114266013141179 + 0.75620788647781i,-0.522059534087131 + 0.375515808683254i,-0.522059534087131 + 0.375515808683254i,0.75402022759158 + 0.132016656249677i
1.7985,-0.0957530455000693 + 0.761390994310239i,-0.514589530854592 + 0.380508835117714i,-0.514589530854592 + 0.380508835117714i,0.756760028222546 + 0.131377738148111i
1.805,-0.0773100175003384 + 0.766061829434295i,-0.507138443912668 + 0.385313216642512i,-0.507138443912668 + 0.385313216642512i,0.759479224771647 + 0.130662955327789i
1.8115,-0.0589507043802609 + 0.770232027716683i,-0.499711319729878 + 0.389933837103747i,-0.499711319729878 + 0.389933837103747i,0.762175835210642 + 0.129874097667899i
1.818,-0.0406880516996437 + 0.773913428041504i,-0.492312876655444 + 0.394375651406567i,-0.492312876655444 + 0.394375651406567i,0.764848001120631 + 0.129012978605438i
1.8245,-0.0225341942212792 + 0.777118025207596i,-0.484947512590429 + 0.398643667567507i,-0.484947512590428 + 0.398643667567507i,0.767493984493259 + 0.128081428286156i
1.831,-0.00450047668918918 + 0.779857925834301i,-0.47761931335447 + 0.402742929945776i,-0.47761931335447 + 0.402742929945776i,0.7701121642744 + 0.127081287177696i
1.8375,0.0134025237839861 + 0.782145307253218i,-0.470332061637417 + 0.406678503641712i,-0.470332061637417 + 0.406678503641712i,0.772701032692834 + 0.126014400139201i
1.844,0.0311649739903999 + 0.783992379343665i,-0.46308924643218 + 0.410455460043137i,-0.46308924643218 + 0.410455460043138i,0.77525919141362 + 0.124882610938862i
1.8505,0.0487777598129688 + 0.785411349252337i,-0.455894072852343 + 0.414078863493942i,-0.455894072852343 + 0.414078863493942i,0.777785347553028 + 0.123687757208452i
1.857,0.0662324605572245 + 0.786414388923106i,-0.448749472245303 + 0.417553759053757i,-0.448749472245303 + 0.417553759053758i,0.780278309589024 + 0.122431665821925i
1.8635,0.0835213226439732 + 0.787013605350586i,-0.441658112518968 + 0.42088516131309i,-0.441658112518968 + 0.420885161313091i,0.782736983198485 + 0.121116148683439i
1.87,0.100637232859479 + 0.787221013461149i,-0.434622408607126 + 0.424078044224589i,-0.434622408607126 + 0.424078044224589i,0.7851603670495 + 0.119742998908869i
1.8765,0.117573691342111 + 0.787048511517041i,-0.427644533005572 + 0.427137331908262i,-0.427644533005572 + 0.427137331908263i,0.787547548574437 + 0.118313987383818i
1.883,0.134324784467111 + 0.786507858933171i,-0.420726426317792 + 0.430067890386277i,-0.420726426317791 + 0.430067890386277i,0.789897699746807 + 0.116830859680372i
1.8895,0.150885157774549 + 0.785610656391706i,-0.413869807755424 + 0.432874520201436i,-0.413869807755424 + 0.432874520201437i,0.792210072882487 + 0.115295333314349i
1.896,0.167249989069667 + 0.784368328136699i,-0.407076185544906 + 0.435561949872506i,-0.407076185544907 + 0.435561949872507i,0.794483996483431 + 0.113709095324446i
1.9025,0.183414961809758 + 0.782792106329386i,-0.400346867197485 + 0.438134830139077i,-0.400346867197484 + 0.438134830139077i,0.796718871139809 + 0.112073800154642i
1.909,0.19937623887755 + 0.780893017344413i,-0.393682969605262 + 0.440597728948669i,-0.393682969605262 + 0.440597728948669i,0.798914165504344 + 0.110391067821218i
1.9155,0.215130436827768 + 0.778681869887878i,-0.387085428931072 + 0.442955127139194i,-0.387085428931072 + 0.442955127139195i,0.801069412350688 + 0.108662482345994i
1.922,0.230674600681163 + 0.776169244819586i,-0.380555010264707 + 0.445211414770554i,-0.380555010264707 + 0.445211414770554i,0.80318420472582 + 0.106889590437711i
1.9285,0.246006179328808 + 0.773365486564212i,-0.374092317022425 + 0.447370888060201i,-0.374092317022425 + 0.447370888060202i,0.805258192204782 + 0.10507390040391i
1.935,0.26112300159892 + 0.770280695998916i,-0.367697800070724 + 0.449437746878695i,-0.367697800070724 + 0.449437746878696i,0.8072910772545 + 0.10321688127618i
1.9415,0.276023253028718 + 0.766924724708426i,-0.361371766559042 + 0.45141609276271i,-0.361371766559042 + 0.45141609276271i,0.809282611712042 + 0.101319962132256i
1.948,0.290705453375046 + 0.763307170502385i,-0.355114388449405 + 0.453309927404518i,-0.355114388449405 + 0.453309927404519i,0.811232593381368 + 0.0993845315990652i
1.9545,0.305168434889426 + 0.759437374093945i,-0.348925710734107 + 0.455123151578662i,-0.348925710734107 + 0.455123151578662i,0.813140862751467 + 0.0974119375215192i
1.961,0.319411321376011 + 0.755324416842964i,-0.342805659335207 + 0.456859564468294i,-0.342805659335207 + 0.456859564468294i,0.81500729983775 + 0.0954034867825773i
1.9675,0.3334335080444 + 0.750977119471728i,-0.336754048682103 + 0.458522863355498i,-0.336754048682103 + 0.458522863355498i,0.816831821147632 + 0.0933604452608116i
1.974,0.347234642163523 + 0.746404041665792i,-0.33077058896558 + 0.460116643641746i,-0.33077058896558 + 0.460116643641746i,0.818614376770404 + 0.0912840379124757i
1.9805,0.360814604517652 + 0.741613482477258i,-0.324854893068689 + 0.461644399166543i,-0.324854893068689 + 0.461644399166543i,0.820354947590782 + 0.0891754489658082i
1.987,0.374173491661133 + 0.736613481452494i,-0.319006483176431 + 0.463109522794142i,-0.319006483176432 + 0.463109522794143i,0.822053542624905 + 0.0870358222160525i
1.9935,0.387311598964472 + 0.731411820411024i,-0.313224797067739 + 0.464515307240099i,-0.313224797067739 + 0.464515307240099i,0.823710196476961 + 0.0848662614103985i
2,0.400229404441015 + 0.726016025806888i,-0.307509194094453 + 0.465864946111192i,-0.307509194094453 + 0.465864946111192i,0.825324966914199 + 0.0826678307127799i
